{
  "version": 1,
  "author": "MANOJ S",
  "editor": "wokwi",
  "parts": [
    { "type": "wokwi-esp32-devkit-v1", "id": "esp", "top": -12.8, "left": 180.8, "attrs": {} },
    {
      "type": "wokwi-hc-sr04",
      "id": "ultrasonic1",
      "top": -31.94,
      "left": -1.1,
      "attrs": { "distance": "240" }
    },
    {
      "type": "wokwi-hc-sr04",
      "id": "ultrasonic2",
      "top": -32.14,
      "left": -184.37,
      "attrs": { "distance": "104" }
    },
    {
      "type": "wokwi-led",
      "id": "led1",
      "top": 196.6,
      "left": 95.24,
      "attrs": { "color": "red" }
    }
  ],
  "connections": [
    [ "esp:TX0", "$serialMonitor:RX", "", [] ],
    [ "esp:RX0", "$serialMonitor:TX", "", [] ],
    [ "ultrasonic1:VCC", "esp:VIN", "red", [ "v0" ] ],
    [ "ultrasonic1:GND", "esp:GND.2", "black", [ "v0" ] ],
    [ "ultrasonic1:TRIG", "esp:D13", "green", [ "v0" ] ],
    [ "ultrasonic1:ECHO", "esp:D12", "green", [ "v0" ] ],
    [ "ultrasonic2:GND", "esp:GND.2", "black", [ "v93.61", "h255.99", "v-19.13", "h1.42" ] ],
    [ "ultrasonic2:VCC", "esp:VIN", "red", [ "v111.32", "h288.11", "v-26.93" ] ],
    [ "ultrasonic2:ECHO", "esp:D14", "green", [ "v97.15", "h262.44", "v-53.14" ] ],
    [ "ultrasonic2:TRIG", "esp:D15", "green", [ "v102.11", "h397.16", "v-36.14" ] ],
    [ "led1:C", "esp:GND.1", "black", [ "v7.36", "h195.18", "v-106.29" ] ],
    [ "led1:A", "esp:D22", "green", [ "v0.98", "h178.81", "v-149.51" ] ]
  ],
  "dependencies": {}
}